RunBlock
Run,Rank,Compute_Time_seconds

RunBlock,Run,0
Rank0,0.368364800000
Total Execution time (s),1.735219245000,1.735219245000,1.735219245000

RunBlock,Run,1
Rank0,0.368176701000
Total Execution time (s),1.734293393000,1.734293393000,1.734293393000

RunBlock,Run,2
Rank0,0.368681640000
Total Execution time (s),1.734676310000,1.734676310000,1.734676310000

RunBlock,Run,3
Rank0,0.368574300000
Total Execution time (s),1.735426601000,1.735426601000,1.735426601000

RunBlock,Run,4
Rank0,0.368628955000
Total Execution time (s),1.734513906000,1.734513906000,1.734513906000

